rank,name,pos,posrank,team,round12,confidence,sleeper,cost,note,case
1,Jahmyr Gibbs,RB,RB1,DET,Rd 1,High,,,Only back averaging 21+ PPR PPG in each of the last two years. David Montgomery's exit to Houston removes the goal-line cap; Detroit's O-line slipping to 13th in PFF run block is the one worry.,
2,Bijan Robinson,RB,RB2,ATL,Rd 1,High,,,"Top-three fantasy RB each of the last two seasons: 1,400+ rushing yards and 60+ catches both years. Genuine 1A/1B with Gibbs.",
3,Ja'Marr Chase,WR,WR1,CIN,Rd 1,High,,,One of only three receivers projected for 255+ half-PPR points.,
4,Puka Nacua,WR,WR2,LAR,Rd 1,High,,,Led the league at 23.4 PPR points per game in 2025.,
5,Christian McCaffrey,RB,RB3,SF,Rd 1,High,,,,
6,Jaxon Smith-Njigba,WR,WR3,SEA,Rd 1,High,,,,
7,Amon-Ra St. Brown,WR,WR4,DET,Rd 1,High,,,,
8,Jonathan Taylor,RB,RB4,IND,Rd 1,High,,,,
9,De'Von Achane,RB,RB5,MIA,Rd 1,High,,,,
10,James Cook III,RB,RB6,BUF,Rd 1,High,,,,
11,CeeDee Lamb,WR,WR5,DAL,Rd 1,High,,,,
12,Justin Jefferson,WR,WR6,MIN,Rd 1,High,,,,
13,Derrick Henry,RB,RB7,BAL,Rd 2,High,,,,
14,Ashton Jeanty,RB,RB8,LV,Rd 2,High,,,Low ankle sprain in an Aug. 23 practice. Fell seven spots to RB10 / No. 16 overall on the 8/25 4for4 update; Week 1 still unclear.,
15,Drake London,WR,WR7,ATL,Rd 2,High,,,,
16,Chase Brown,RB,RB9,CIN,Rd 2,High,,,,
17,Brock Bowers,TE,TE1,LV,Rd 2,High,,,TE1 on most boards - best offense he's played in since entering the league.,
18,Saquon Barkley,RB,RB10,PHI,Rd 2,High,,,,
19,Trey McBride,TE,TE2,ARI,Rd 2,High,,,Wore the crown as 2025's top-scoring tight end. Coin flip with Bowers.,
20,Kenneth Walker III,RB,RB11,KC,Rd 2,High,,,"Super Bowl MVP in Seattle, then 3 yr / $43.05M to Kansas City with $28.7M guaranteed. Rankers moved him up through camp.",
21,Nico Collins,WR,WR8,HOU,Rd 2,High,,,,
22,Rashee Rice,WR,WR9,KC,Rd 2,High,,,,
23,Jeremiyah Love,RB,RB12,ARI,Rd 2,High,,,"No. 3 overall to Arizona, the highest RB taken since Barkley in 2018. Each of the last nine RBs drafted top-12 finished top-12 in fantasy as a rookie.",
24,Omarion Hampton,RB,RB13,LAC,Rd 2,High,,,,
25,A.J. Brown,WR,WR10,NE,Rd 3,High,,,Traded to New England for a 2028 first and a 2027 fifth. Immediately Drake Maye's No. 1 and reunited with his first head coach.,
26,Chris Olave,WR,WR11,NO,Rd 3,High,,,,
27,Garrett Wilson,WR,WR12,NYJ,Rd 3,High,,,,
28,Breece Hall,RB,RB14,NYJ,Rd 3,High,,,,
29,Josh Jacobs,RB,RB15,GB,Rd 3,High,,,,
30,Malik Nabers,WR,WR13,NYG,Rd 3,High,,,"Had a second procedure to remove a cyclops lesion after his ACL repair. Running routes in camp, but a full Week 1 is unlikely. ADP sliding.",
31,Tetairoa McMillan,WR,WR14,CAR,Rd 3,High,,,"2025 Offensive Rookie of the Year - 1,014 yards and seven TDs, most among rookie WRs.",
32,Javonte Williams,RB,RB16,DAL,Rd 3,High,,,,
33,Zay Flowers,WR,WR15,BAL,Rd 3,High,,,,
34,DeVonta Smith,WR,WR16,PHI,Rd 3,High,,,,
35,Emeka Egbuka,WR,WR17,TB,Rd 3,High,year-two,WR18,,"A rookie star through five weeks before leveling off, which drafters have read as the ceiling rather than the calibration period. Priced as a WR2 for a player with WR1 usage in front of him."
36,Travis Etienne Jr.,RB,RB17,NO,Rd 3,High,,,,
37,Ladd McConkey,WR,WR18,LAC,Rd 4,High,,,,
38,Kyren Williams,RB,RB18,LAR,Rd 4,High,,,,
39,Davante Adams,WR,WR19,LAR,Rd 4,High,,,,
40,George Pickens,WR,WR20,DAL,Rd 4,High,,,,
41,Jaylen Waddle,WR,WR21,DEN,Rd 4,High,,,"Traded to Denver for the No. 30, No. 94 and No. 130 picks. Clear value spike with Bo Nix.",
42,Colston Loveland,TE,TE3,CHI,Rd 4,High,,,58-713-6 as a rookie with 90+ receiving yards in each of his final two regular-season games.,
43,Tyler Warren,TE,TE4,IND,Rd 4,High,,,76-817-4 as a rookie - immediately a core piece of the Colts offense.,
44,Quinshon Judkins,RB,RB19,CLE,Rd 4,High,,,2025 ended on an ankle injury and fractured fibula. ESPN still has him around RB20.,
45,Cam Skattebo,RB,RB20,NYG,Rd 4,High,,,"Coming back from a major 2025 injury, which is exactly why Tyrone Tracy is a handcuff that matters.",
46,Tee Higgins,WR,WR22,CIN,Rd 4,High,,,,
47,Bucky Irving,RB,RB21,TB,Rd 4,High,,,"Injury history, Kenny Gainwell's arrival and Sean Tucker vulturing the goal line all push him down from where the talent says he belongs.",
48,Josh Allen,QB,QB1,BUF,Rd 4,High,,,"Only QB to finish top-3 in fantasy PPG in each of the last five seasons, and hasn't missed a start. Every board has him alone in Tier 1.",
49,Terry McLaurin,WR,WR23,WAS,Rd 5,High,,,A quad injury held him to 10 games and a 38-582-3 line. Still Washington's No. 1 if healthy.,
50,Jameson Williams,WR,WR24,DET,Rd 5,High,,,,
51,Bhayshul Tuten,RB,RB22,JAX,Rd 5,High,,,,
52,Rome Odunze,WR,WR25,CHI,Rd 5,High,,,The steady one in Chicago while Luther Burden is the explosive one for Caleb Williams.,
53,DJ Moore,WR,WR26,BUF,Rd 5,High,,,"Gives Buffalo the dependable No. 1 they've been missing, and could beat his ADP.",
54,D'Andre Swift,RB,RB23,CHI,Rd 5,High,,,,
55,Harold Fannin Jr.,TE,TE5,CLE,Rd 5,High,repriced,TE6-ish cost,"72-731-6 as a 21-year-old rookie and a 22% target share, finishing TE6. Njoku's move to the Chargers clears the room entirely.","72-731-6 and a 22% target share as a 21-year-old rookie, good for TE6. Then David Njoku left for the Chargers and handed him the entire room. The Cleveland quarterback situation is the only reason he is not priced higher."
56,David Montgomery,RB,RB24,HOU,Rd 5,High,repriced,PPR RB24,,"Traded to Houston and has already established himself on top of that backfield — RB24 in ADP against RB43 for Woody Marks. The name is familiar enough that nobody is excited, which is the whole point."
57,Jadarian Price,RB,RB25,SEA,Rd 5,High,,,,
58,TreVeyon Henderson,RB,RB26,NE,Rd 5,High,,,Hard to argue past low-end RB2 as long as New England keeps featuring Rhamondre Stevenson.,
59,Kyle Pitts Sr.,TE,TE6,ATL,Rd 5,High,,,"Finally delivered: 88 catches, 928 yards, five TDs in 2025.",
60,Carnell Tate,WR,WR27,TEN,Rd 5,High,,,A bet on talent plus Cam Ward's year two under Brian Daboll. Tenth in yards per route run and a 68.8% contested-catch rate in college.,
61,Courtland Sutton,WR,WR28,DEN,Rd 6,High,,,,
62,Stefon Diggs,WR,WR29,WAS,Rd 6,High,repriced,~Round 10,"Signed with his hometown team. Led the NFL with a 15.4% catch rate over expected, caught 83.3% of his targets, 2.4 yards per route run.","Led the entire NFL in catch rate over expected at 15.4%, caught 83.3% of his targets, and ran 2.4 yards per route — fifth among everyone with 300+ routes. He has risen more than a round twice since signing in Washington and is still a round-10 pick."
63,Jayden Daniels,QB,QB2,WAS,Rd 6,High,,,,
64,Michael Pittman Jr.,WR,WR30,PIT,Rd 6,High,,,,
65,Rhamondre Stevenson,RB,RB27,NE,Rd 6,High,,,,
66,Marvin Harrison Jr.,WR,WR31,ARI,Rd 6,High,,,,
67,Jaylen Warren,RB,RB28,PIT,Rd 6,High,,,,
68,Sam LaPorta,TE,TE7,DET,Rd 6,High,,,,
69,Tucker Kraft,TE,TE8,GB,Rd 6,High,,,,
70,Lamar Jackson,QB,QB3,BAL,Rd 6,High,,,"Coming off a subpar, injury-marred year with steep declines in both passing and rushing.",
71,Rico Dowdle,RB,RB29,PIT,Rd 6,High,,,,
72,DK Metcalf,WR,WR32,PIT,Rd 6,High,,,"Being drafted on name recognition. Right player, wrong offense.",
73,Parker Washington,WR,WR33,JAX,Rd 7,High,repriced,ADP 88.4 Yahoo / 102.7 ESPN,From Week 12 on he led Jacksonville at a 25% target share and 14.2 PPR PPG; over the final four games that hit 31% and 18.5.,"From Week 12 on he led all Jacksonville receivers with a 25% target share and 14.2 PPR points per game. Over the final four games, playoffs included, that became a 31% target share and 18.5 per game on a 26-454-3 line. He is being drafted as though that stretch did not happen."
74,Luther Burden III,WR,WR34,CHI,Rd 7,High,,,,
75,Tony Pollard,RB,RB30,TEN,Rd 7,High,,,,
76,Alec Pierce,WR,WR35,IND,Rd 7,High,,,,
77,Mike Evans,WR,WR36,SF,Rd 7,High,,,,
78,Drake Maye,QB,QB4,NE,Rd 7,High,,,Only Josh Allen outscored him among QBs in 2025 - and now he has A.J. Brown.,
79,Kenny Gainwell,RB,RB31,TB,Rd 7,High,repriced,RB31,,The exact reason Bucky Irving's price fell is the reason Gainwell has standalone value. Tampa is running a real committee and only one half of it is being drafted.
80,Christian Watson,WR,WR37,GB,Rd 7,High,,,,
81,Matthew Golden,WR,WR38,GB,Rd 7,High,,,,
82,Jonathon Brooks,RB,RB32,CAR,Rd 7,High,post-hype,ADP ~125 · RB29,"Missed all of 2025 recovering from a second ACL tear. Carolina let Rico Dowdle walk and ignored RB in the draft, which is a real vote of confidence. ADP ~125.","A second ACL tear cost him all of 2025, so the market moved on. Carolina did the opposite: they let Rico Dowdle walk and ignored running back entirely in the draft. Dave Canales says he “looks like the guy that I remember.” He climbed nine spots on the 8/25 update and still costs a bench pick for a three-down RB1 outcome."
83,Michael Wilson,WR,WR39,ARI,Rd 7,High,post-hype,Value past pick 100,"2025 was top-heavy - the big games came when Marvin Harrison was out. Fine at WR4 cost, not above it.",Jumped nearly eight spots after the first preseason game and is still cheap. The knock is fair — 2025 was top-heavy in the games Marvin Harrison missed. The counter is that Arizona's target tree is still thin behind Harrison.
84,Brian Thomas Jr.,WR,WR40,JAX,Rd 7,High,,,,
85,Chuba Hubbard,RB,RB33,CAR,Rd 8,High,,,,
86,Jakobi Meyers,WR,WR41,JAX,Rd 8,High,,,,
87,George Kittle,TE,TE9,SF,Rd 8,High,,,"Opened camp on PUP with the Achilles he tore in the 2025 playoffs. Reports point to Week 1, but nothing is guaranteed.",
88,Jalen Hurts,QB,QB5,PHI,Rd 8,High,,,,
89,Wan'Dale Robinson,WR,WR42,TEN,Rd 8,High,,,,
90,Jordan Addison,WR,WR43,MIN,Rd 8,High,,,,
91,J.K. Dobbins,RB,RB34,DEN,Rd 8,High,,,,
92,Jordan Mason,RB,RB35,MIN,Rd 8,High,,,Biggest RB mover on the 8/25 update - up 16 spots to RB36.,
93,Khalil Shakir,WR,WR44,BUF,Rd 8,High,,,,
94,Jayden Reed,WR,WR45,GB,Rd 8,High,buried,WR45,,"Green Bay's slot receiver in a room where the market is busy arguing about Golden and Watson. Availability is the real question, not talent."
95,Kyle Monangai,RB,RB36,CHI,Rd 8,High,,,"Forced his way into a committee as a seventh-round rookie: 41% of Chicago's snaps, 4.6 YPC on 169 carries.",
96,Xavier Worthy,WR,WR46,KC,Rd 8,High,post-hype,WR46,Kansas City moved on from Marquise Brown and Smith-Schuster and added only a fifth-rounder. They still trust him as a starter.,"Kansas City moved on from Marquise Brown and Smith-Schuster and replaced them with a fifth-round rookie. That is a roster telling you who it trusts. Third year, fastest man out of the 2024 class, and the last starter standing."
97,Jake Ferguson,TE,TE10,DAL,Rd 9,High,,,,
98,Jacory Croskey-Merritt,RB,RB37,WAS,Rd 9,High,,,,
99,Rachaad White,RB,RB38,WAS,Rd 9,High,,,,
100,Dallas Goedert,TE,TE11,PHI,Rd 9,High,,,,
101,Joe Burrow,QB,QB6,CIN,Rd 9,High,,,"Held around QB4 despite the ceiling, purely on durability.",
102,Aaron Jones Sr.,RB,RB39,MIN,Rd 9,High,,,,
103,Blake Corum,RB,RB40,LAR,Rd 9,High,,,"The consensus No. 1 backup RB. 782 scrimmage yards and six TDs in year two, with the Rams' split projected near 60/40.",
104,Quentin Johnston,WR,WR47,LAC,Rd 9,High,,,,
105,Deebo Samuel,WR,WR48,SF,Rd 9,High,,,"Back in Shanahan's system and three years younger than Mike Evans. Unsexy, but he'll start and score.",
106,RJ Harvey,RB,RB41,DEN,Rd 9,High,,,,
107,Josh Downs,WR,WR49,IND,Rd 9,High,repriced,WR43,"Moving up from the slot to Indy's No. 2, working underneath opposite Tyler Warren.","Moving out of the slot into Indianapolis's No. 2 job. That makes him Daniel Jones' primary underneath target working opposite Tyler Warren, which is a volume role at a WR4 price."
108,Travis Kelce,TE,TE12,KC,Rd 9,High,,,"Back at 37 on a one-year deal. 76-851 on 108 targets last year - volume intact, but 13 total TDs across three seasons is a career low.",
109,Jaxson Dart,QB,QB7,NYG,Rd 10,High,,,,
110,Isiah Pacheco,RB,RB42,KC,Rd 10,High,,,,
111,Jalen Nailor,WR,WR50,LV,Rd 10,High,buried,WR67 — going very late,"Vegas's big offseason signing and their camp WR1, though Brock Bowers will lead that team in receiving.","Las Vegas's big offseason signing and their camp WR1. Brock Bowers will lead that team in receiving, but Nailor is the receiver to own there and he costs a WR5 pick."
112,Tyrone Tracy Jr.,RB,RB43,NYG,Rd 10,High,runway,RB50,Averaged 16.9 touches and 12.9 PPR points across the 10 games Skattebo wasn't the clear lead back.,Averaged 16.9 touches and 12.9 PPR points across the 10 games Cam Skattebo was not the clear lead back. Skattebo is coming back from a major injury. This is the cheapest handcuff with a starter's outcome attached.
113,Marquise Brown,WR,WR51,PHI,Rd 10,High,,,,
114,Trevor Lawrence,QB,QB8,JAX,Rd 10,High,,,,
115,Tyler Allgeier,RB,RB44,ATL,Rd 10,High,,,,
116,Dalton Kincaid,TE,TE13,BUF,Rd 10,High,,,Fantasy's biggest TE wild card. An efficiency darling on a 38% snap share while Buffalo managed a knee issue.,
117,Dylan Sampson,RB,RB45,CLE,Rd 10,High,,,,
118,Keenan Allen,WR,WR52,IND,Rd 10,High,,,,
119,Rashid Shaheed,WR,WR53,SEA,Rd 10,High,buried,WR56-ish,Was breaking out in New Orleans before the trade to Seattle. Should be Darnold's No. 2 and the deep threat opposite JSN.,"Was breaking out in New Orleans before the midseason trade to Seattle. Now he is Sam Darnold's No. 2 and the deep threat working opposite Smith-Njigba, and he is being drafted like a change-of-pace piece."
120,Braelon Allen,RB,RB46,NYJ,Rd 10,High,,,,
121,Dak Prescott,QB,QB9,DAL,Rd 11,High,,,,
122,T.J. Hockenson,TE,TE14,MIN,Rd 11,High,,,"A 16% target share and 51-438-3, then a shoulder injury. Kyler Murray should help, but show me first.",
123,Caleb Douglas,WR,WR54,MIA,Rd 11,High,,,,
124,Jordyn Tyson,WR,WR55,NO,Rd 11,High,,,,
125,Adonai Mitchell,WR,WR56,NYJ,Rd 11,High,buried,WR55-ish,Set to start opposite Garrett Wilson for a team that will play from behind a lot. A popular late-round favorite.,Set to start opposite Garrett Wilson for a team that will be playing from behind most weeks. Third-year receivers with a defined starting job and negative game script are how late-round WR rooms get won.
126,Tank Bigsby,RB,RB47,PHI,Rd 11,High,runway,RB47,"The Saquon handcuff, full stop.",Not a sleeper if Saquon plays 17 games. The full Barkley workload is one of maybe three handcuff outcomes in football that wins a league outright.
127,Tank Dell,WR,WR57,HOU,Rd 11,High,,,,
128,Jerry Jeudy,WR,WR58,CLE,Rd 11,High,,,,
129,Bo Nix,QB,QB10,DEN,Rd 11,High,,,,
130,Malik Washington,WR,WR59,MIA,Rd 11,High,,,,
131,Jalen McMillan,WR,WR60,TB,Rd 11,High,,,,
132,Mason Taylor,TE,TE15,NYJ,Rd 11,High,year-two,TE14-ish,,"Led the Jets in both catches and targets as a rookie despite playing 13 games. Aaron Glenn named him a breakout candidate in mid-August, which is usually a coach telling you the target share is going up."
133,Calvin Ridley,WR,WR61,TEN,Rd 12,High,,,,
134,KC Concepcion,WR,WR62,CLE,Rd 12,High,,,24th overall to Cleveland under new HC Todd Monken. Roughly 100 targets would have been a top-30 fantasy WR season last year.,
135,Jaylin Noel,WR,WR63,HOU,Rd 12,High,,,,
136,Brock Purdy,QB,QB11,SF,Rd 12,High,,,,
137,Travis Hunter,WR,WR64,JAX,Rd 12,High,,,Target hierarchy in Jacksonville is genuinely unsettled with Brian Thomas Jr. healthy. Priced as a WR5 lottery ticket.,
138,Nick Singleton,RB,RB48,TEN,Rd 12,High,free,Last round,,One of the best late stashes on the board — the talent and the opening to become a difference-maker in exactly the weeks the fantasy playoffs happen.
139,Brenton Strange,TE,TE16,JAX,Rd 12,High,,,,
140,Ja'Kobi Lane,WR,WR65,BAL,Rd 12,High,,,,
141,Rashod Bateman,WR,WR66,BAL,Rd 12,High,post-hype,Late-round / waiver,,"Five years of waiting has trained everyone to stop looking. He is still the perimeter starter on an offense that scores, and the cost is now nothing."
142,Matthew Stafford,QB,QB12,LAR,Rd 12,High,,,,
143,Devaughn Vele,WR,WR67,NO,Rd 12,High,,,,
144,Jonah Coleman,RB,RB49,DEN,Rd 12,High,runway,Late-round,,"Sits behind J.K. Dobbins and R.J. Harvey in Denver, and Dobbins' health is a perpetual red flag. Touchdown-dependent as an RB3, but he could lead that team in rushing scores."
145,Kayshon Boutte,WR,WR68,NE,Rd 13,High,,,,
146,Zachariah Branch,WR,WR69,ATL,Rd 13,High,,,,
147,De'Zhaun Stribling,WR,WR70,SF,Rd 13,High,runway,Up ~27 spots to ~pick 100,"Rookie second-rounder, sixth WR off the board. Ricky Pearsall's season-ending knee surgery opened the door and Stribling has been San Francisco's best camp receiver.","The single biggest riser on the board over the last week, and it still may not be enough. Ricky Pearsall's season-ending knee surgery cleared the room and Stribling — a second-round rookie, sixth receiver drafted — has been San Francisco's best camp receiver."
148,David Njoku,TE,TE17,LAC,Rd 13,High,,,Signed with the Chargers after Fannin pushed him down Cleveland's chart.,
149,Caleb Williams,QB,QB13,CHI,Rd 13,High,,,Tied for eighth among QBs in fantasy points per game last season.,
150,Jayden Higgins,WR,WR71,HOU,Rd 13,High,,,"Conflicting August reporting - one outlet removed him for a torn ACL, others had him as C.J. Stroud's clear No. 2. Verify status before you draft him.",
151,Kyler Murray,QB,QB14,MIN,Rd 13,Medium,,,"Released by Arizona, signed a one-year deal in Minnesota.",
152,Jalen Coker,WR,WR72,CAR,Rd 13,Medium,free,Last round / undrafted,,"An undrafted free agent who built a genuine connection with Bryce Young. Large frame, hard worker, and a third-year breakout is live if Carolina's passing game takes any step at all."
153,Emmett Johnson,RB,RB50,KC,Rd 13,Medium,free,Undrafted,,"The rookie behind Kenneth Walker III in an offense that just paid $43M for its backfield. Handcuff logic, zero cost."
154,Isaac TeSlaa,WR,WR73,DET,Rd 13,Medium,buried,Waiver-adjacent,,Locked in as Detroit's No. 3 and a genuine red-zone body on one of the league's best offenses. One step forward makes him relevant.
155,Sean Tucker,RB,RB51,TB,Rd 13,Medium,,,,
156,Jauan Jennings,WR,WR74,MIN,Rd 13,Medium,,,,
157,Tyler Shough,QB,QB15,NO,Rd 14,Medium,year-two,QB17,,"Strong down the stretch as a rookie, and New Orleans spent the offseason propping the offense up around him — Travis Etienne in, Jordyn Tyson drafted eighth overall. Projection models keep flagging him as a steal."
158,Isaiah Likely,TE,TE18,BAL,Rd 14,Medium,,,,
159,Trey Benson,RB,RB52,ARI,Rd 14,Medium,,,,
160,Omar Cooper Jr.,WR,WR75,NYJ,Rd 14,Medium,,,,
161,Makai Lemon,WR,WR76,PHI,Rd 14,Medium,,,,
162,Zach Charbonnet,RB,RB53,SEA,Rd 14,Medium,,,,
163,Oronde Gadsden II,TE,TE19,LAC,Rd 14,Medium,,,Year-two path got crowded fast - the Chargers added both David Njoku and Charlie Kolar.,
164,Denzel Boston,WR,WR77,CLE,Rd 14,Medium,,,,
165,Jared Goff,QB,QB16,DET,Rd 14,Medium,,,,
166,Woody Marks,RB,RB54,HOU,Rd 14,Medium,,,,
167,Keon Coleman,WR,WR78,BUF,Rd 14,Medium,,,,
168,Hunter Henry,TE,TE20,NE,Rd 14,Medium,,,,
169,Ray Davis,RB,RB55,BUF,Rd 15,Medium,,,,
170,Marvin Mims Jr.,WR,WR79,DEN,Rd 15,Medium,,,,
171,Isaac Guerendo,RB,RB56,SF,Rd 15,Medium,,,,
172,Elijah Moore,WR,WR80,PHI,Rd 15,Medium,,,,
173,Zach Ertz,TE,TE21,WAS,Rd 15,Medium,,,,
174,Daniel Jones,QB,QB17,IND,Rd 15,Medium,,,,
175,Tre Tucker,WR,WR81,LV,Rd 15,Medium,,,,
176,Kaleb Johnson,RB,RB57,PIT,Rd 15,Medium,,,,
177,Cyrus Allen,WR,WR82,KC,Rd 15,Medium,free,Last round / undrafted,,A fifth-round rookie turning heads in Kansas City camp with a path to real Patrick Mahomes targets. There is no cost to being wrong here.
178,Pat Freiermuth,TE,TE22,PIT,Rd 15,Medium,,,,
179,Roschon Johnson,RB,RB58,CHI,Rd 15,Medium,,,,
180,Tory Horton,WR,WR83,SEA,Rd 15,Medium,,,,
181,Justin Herbert,QB,QB18,LAC,Rd 16,Medium,,,,
182,Tyjae Spears,RB,RB59,TEN,Rd 16,Medium,,,,
183,Dalton Schultz,TE,TE23,HOU,Rd 16,Medium,,,,
184,Troy Franklin,WR,WR84,DEN,Rd 16,Medium,,,,
185,Jaydon Blue,RB,RB60,DAL,Rd 16,Medium,,,,
186,Darnell Mooney,WR,WR85,ATL,Rd 16,Medium,,,,
187,Kenyon Sadiq,TE,TE24,NYJ,Rd 16,Medium,,,,
188,Devin Neal,RB,RB61,NO,Rd 16,Medium,,,,
189,Xavier Legette,WR,WR86,CAR,Rd 16,Medium,,,,
190,Patrick Mahomes,QB,QB19,KC,Rd 16,Medium,,,"Coming off December knee surgery. Says the knee feels great and hasn't missed a camp practice, but it has been years since he was a fantasy superstar.",
191,Christian Kirk,WR,WR87,HOU,Rd 16,Medium,,,,
192,Ollie Gordon II,RB,RB62,MIA,Rd 16,Medium,,,,
193,Gunnar Helm,TE,TE25,TEN,Rd 17,Medium,year-two,TE28 — essentially free,,"As a rookie he posted a 22.4% target-per-route-run rate and 1.45 yards per route, both better than Chig Okonkwo, on an 80% catch rate. Cam Ward gets more comfortable in year two and Helm becomes the security blanket. You can take him with your last pick."
194,Dontayvion Wicks,WR,WR88,PHI,Rd 17,Medium,,,,
195,Will Shipley,RB,RB63,PHI,Rd 17,Medium,,,,
196,Jalen Royals,WR,WR89,KC,Rd 17,Medium,,,,
197,Baker Mayfield,QB,QB20,TB,Rd 17,Medium,free,Rounds 12-13,,"Routinely available in the 12th or 13th round. If you punt quarterback entirely, this is where you land and it is a fine place to land."
198,Jarquez Hunter,RB,RB64,LAR,Rd 17,Medium,,,,
199,Terrance Ferguson,TE,TE26,LAR,Rd 17,Medium,year-two,TE20s,,"The buzziest name in Rams camp all summer, getting extended first-team reps from Sean McVay. Only 25 targets as a rookie but 21 yards per catch, and the Rams are visibly expanding his route tree."
200,Roman Wilson,WR,WR90,PIT,Rd 17,Medium,,,,
201,Kimani Vidal,RB,RB65,LAC,Rd 17,Medium,,,,
202,Chimere Dike,WR,WR91,TEN,Rd 17,Medium,,,,
203,A.J. Barner,TE,TE27,SEA,Rd 17,Medium,,,,
204,Elic Ayomanor,WR,WR92,TEN,Rd 17,Medium,,,,
205,Jordan Love,QB,QB21,GB,Rd 18,Medium,,,,
206,Justice Hill,RB,RB66,BAL,Rd 18,Medium,,,,
207,Andrei Iosivas,WR,WR93,CIN,Rd 18,Medium,,,,
208,Samaje Perine,RB,RB67,CIN,Rd 18,Medium,,,,
209,Greg Dulcich,TE,TE28,MIA,Rd 18,Medium,free,Undrafted,,In position to step forward as a second primary target in Miami. A late-round tight end with a defined role beats a late-round tight end without one.
210,Luke McCaffrey,WR,WR94,WAS,Rd 18,Medium,,,,
211,Jerome Ford,RB,RB68,CLE,Rd 18,Medium,,,,
212,Jack Bech,WR,WR95,LV,Rd 18,Medium,,,,
213,Malik Willis,QB,QB22,MIA,Rd 18,Medium,,,,
214,Cade Otton,TE,TE29,TB,Rd 18,Medium,,,,
215,Trevor Etienne,RB,RB69,CAR,Rd 18,Medium,,,,
216,Ryan Flournoy,WR,WR96,DAL,Rd 18,Medium,,,,
217,Savion Williams,WR,WR97,GB,Deep / waiver,Medium,,,,
218,Sincere McCormick,RB,RB70,LV,Deep / waiver,Medium,,,,
219,Evan Engram,TE,TE30,DEN,Deep / waiver,Medium,,,,
220,Darius Slayton,WR,WR98,NYG,Deep / waiver,Medium,,,,
221,C.J. Stroud,QB,QB23,HOU,Deep / waiver,Medium,,,,
222,Antonio Gibson,RB,RB71,NE,Deep / waiver,Medium,,,,
223,Josh Palmer,WR,WR99,BUF,Deep / waiver,Medium,,,,
224,Theo Johnson,TE,TE31,NYG,Deep / waiver,Medium,,,,
225,Kareem Hunt,RB,RB72,KC,Deep / waiver,Medium,,,,
226,Tre Harris,WR,WR100,LAC,Deep / waiver,Medium,,,,
227,Jaleel McLaughlin,RB,RB73,DEN,Deep / waiver,Medium,,,,
228,Dyami Brown,WR,WR101,JAX,Deep / waiver,Medium,,,,
229,Sam Darnold,QB,QB24,SEA,Deep / waiver,Medium,,,,
230,Cole Kmet,TE,TE32,CHI,Deep / waiver,Medium,,,,
231,Kyle Williams,WR,WR102,NE,Deep / waiver,Medium,,,,
232,Tyler Goodson,RB,RB74,IND,Deep / waiver,Medium,,,,
233,Jalen Tolbert,WR,WR103,DAL,Deep / waiver,Medium,,,,
234,Michael Mayer,TE,TE33,LV,Deep / waiver,Medium,,,,
235,Emanuel Wilson,RB,RB75,GB,Deep / waiver,Medium,,,,
236,Calvin Austin III,WR,WR104,PIT,Deep / waiver,Medium,,,,
237,Bryce Young,QB,QB25,CAR,Deep / waiver,Medium,,,,
238,Craig Reynolds,RB,RB76,DET,Deep / waiver,Medium,,,,
239,Xavier Hutchinson,WR,WR105,HOU,Deep / waiver,Medium,,,,
240,Mike Gesicki,TE,TE34,CIN,Deep / waiver,Medium,,,,
241,Chris Rodriguez Jr.,RB,RB77,WAS,Deep / waiver,Medium,,,,
242,Anthony Gould,WR,WR106,IND,Deep / waiver,Medium,,,,
243,DeeJay Dallas,RB,RB78,ARI,Deep / waiver,Medium,,,,
244,Cam Ward,QB,QB26,TEN,Deep / waiver,Medium,,,Real QB2 upside after Tennessee added Carnell Tate and put Brian Daboll in charge of the offense.,
245,Beaux Collins,WR,WR107,NYJ,Deep / waiver,Medium,,,,
246,Elijah Arroyo,TE,TE35,SEA,Deep / waiver,Medium,,,,
247,Tez Johnson,WR,WR108,TB,Deep / waiver,Medium,,,,
248,Kendre Miller,RB,RB79,NO,Deep / waiver,Medium,,,,
249,Juwan Johnson,TE,TE36,NO,Deep / waiver,Medium,,,,
250,Pat Bryant,WR,WR109,DEN,Deep / waiver,Medium,,,,
251,Jaylen Wright,RB,RB80,MIA,Deep / waiver,Medium,,,,
252,Geno Smith,QB,QB27,NYJ,Deep / waiver,Medium,,,,
253,Dont'e Thornton Jr.,WR,WR110,LV,Deep / waiver,Medium,,,,
254,Keaton Mitchell,RB,RB81,BAL,Deep / waiver,Medium,,,,
255,Ben Sinnott,TE,TE37,WAS,Deep / waiver,Medium,,,,
256,Jacob Cowing,WR,WR111,SF,Deep / waiver,Medium,,,,
257,Tahj Brooks,RB,RB82,CIN,Deep / waiver,Medium,,,,
258,Olamide Zaccheaus,WR,WR112,CHI,Deep / waiver,Medium,,,,
259,Charlie Kolar,TE,TE38,LAC,Deep / waiver,Medium,,,,
260,Aaron Rodgers,QB,QB28,PIT,Deep / waiver,Medium,,,Locked in as Pittsburgh's QB1 - their first repeat Week 1 starter since 2020-21.,
261,Jaylin Lane,WR,WR113,WAS,Deep / waiver,Medium,,,,
262,Pierre Strong Jr.,RB,RB83,CLE,Deep / waiver,Medium,,,,
263,Bub Means,WR,WR114,NO,Deep / waiver,Medium,,,,
264,Hassan Haskins,RB,RB84,LAC,Deep / waiver,Medium,,,,
265,Jake Tonges,TE,TE39,SF,Deep / waiver,Medium,,,,
266,Xavier Restrepo,WR,WR115,TEN,Deep / waiver,Medium,,,,
267,Dylan Laube,RB,RB85,LV,Deep / waiver,Medium,,,,
268,Michael Penix Jr.,QB,QB29,ATL,Deep / waiver,Medium,,,,
269,Ray-Ray McCloud III,WR,WR116,ATL,Deep / waiver,Medium,,,,
270,Darnell Washington,TE,TE40,PIT,Deep / waiver,Medium,,,,
271,Audric Estime,RB,RB86,DEN,Deep / waiver,Medium,,,,
272,KeAndre Lambert-Smith,WR,WR117,LAC,Deep / waiver,Medium,,,,
273,Mecole Hardman,WR,WR118,GB,Deep / waiver,Medium,,,,
274,Brashard Smith,RB,RB87,KC,Deep / waiver,Medium,,,,
275,Luke Musgrave,TE,TE41,GB,Deep / waiver,Medium,,,,
276,Jacoby Brissett,QB,QB30,ARI,Deep / waiver,Medium,,,,
277,Jake Bobo,WR,WR119,SEA,Deep / waiver,Medium,,,,
278,Ty Johnson,RB,RB88,BUF,Deep / waiver,Medium,,,,
279,Malachi Corley,WR,WR120,NYJ,Deep / waiver,Medium,,,,
280,Tip Reiman,TE,TE42,ARI,Deep / waiver,Medium,,,,
281,Sione Vaki,RB,RB89,DET,Deep / waiver,Medium,,,,
282,Arian Smith,WR,WR121,NYJ,Deep / waiver,Medium,,,,
283,Michael Carter,RB,RB90,ARI,Deep / waiver,Medium,,,,
284,Deshaun Watson,QB,QB31,CLE,Deep / waiver,Medium,,,Named Cleveland's Week 1 starter by Todd Monken - a situation worth re-checking on draft day.,
285,DeMario Douglas,WR,WR122,NE,Deep / waiver,Medium,,,,
286,Colby Parkinson,TE,TE43,LAR,Deep / waiver,Medium,,,,
287,Jermaine Burton,WR,WR123,CIN,Deep / waiver,Medium,,,,
288,Israel Abanikanda,RB,RB91,NYJ,Deep / waiver,Medium,,,,
289,Sterling Shepard,WR,WR124,TB,Deep / waiver,Medium,,,,
290,Khalil Herbert,RB,RB92,IND,Deep / waiver,Medium,,,,
291,Brock Wright,TE,TE44,DET,Deep / waiver,Medium,,,,
292,Kirk Cousins,QB,QB32,LV,Deep / waiver,Medium,,,The bridge in Las Vegas ahead of No. 1 overall pick Fernando Mendoza.,
293,Kameron Johnson,WR,WR125,TB,Deep / waiver,Medium,,,,
294,Elijah Mitchell,RB,RB93,SF,Deep / waiver,Medium,,,,
295,Tyler Scott,WR,WR126,CHI,Deep / waiver,Medium,,,,
296,Adam Trautman,TE,TE45,DEN,Deep / waiver,Medium,,,,
297,Deuce Vaughn,RB,RB94,DAL,Deep / waiver,Medium,,,,
298,Nikko Remigio,WR,WR127,KC,Deep / waiver,Medium,,,,
299,Tua Tagovailoa,QB,QB33,ATL,Deep / waiver,Medium,,,In an unresolved Atlanta competition with Michael Penix Jr.,
300,Rasheen Ali,RB,RB95,BAL,Deep / waiver,Medium,,,,
301,Brenden Rice,WR,WR128,LAC,Deep / waiver,Low,,,,
302,Foster Moreau,TE,TE46,NO,Deep / waiver,Low,,,,
303,Ashton Dulin,WR,WR129,IND,Deep / waiver,Low,,,,
304,Emari Demercado,RB,RB96,ARI,Deep / waiver,Low,,,,
305,Mason Tipton,WR,WR130,NO,Deep / waiver,Low,,,,
306,Tyler Conklin,TE,TE47,LAC,Deep / waiver,Low,,,,
307,Zamir White,RB,RB97,LV,Deep / waiver,Low,,,,
308,Fernando Mendoza,QB,QB34,LV,Deep / waiver,Low,,,,
309,KaVontae Turpin,WR,WR131,DAL,Deep / waiver,Low,,,,
310,Cody Schrader,RB,RB98,SF,Deep / waiver,Low,,,,
311,Justin Watson,WR,WR132,HOU,Deep / waiver,Low,,,,
312,Noah Fant,TE,TE48,CIN,Deep / waiver,Low,,,,
313,Chris Brooks,RB,RB99,GB,Deep / waiver,Low,,,,
314,Efton Chism III,WR,WR133,NE,Deep / waiver,Low,,,,
315,J.J. McCarthy,QB,QB35,MIN,Deep / waiver,Low,,,,
316,Chig Okonkwo,TE,TE49,TEN,Deep / waiver,Low,,,,
317,Junior Bergen,WR,WR134,SF,Deep / waiver,Low,,,,
318,Tyler Badie,RB,RB100,DEN,Deep / waiver,Low,,,,
319,Jonathan Mingo,WR,WR135,DAL,Deep / waiver,Low,,,,
320,Bam Knight,RB,RB101,NYG,Deep / waiver,Low,,,,
321,Jonnu Smith,TE,TE50,PIT,Deep / waiver,Low,,,,
322,Kaden Prather,WR,WR136,WAS,Deep / waiver,Low,,,,
323,Kalel Mullings,RB,RB102,TEN,Deep / waiver,Low,,,,
324,Shedeur Sanders,QB,QB36,CLE,Deep / waiver,Low,,,,
325,Ainias Smith,WR,WR137,PHI,Deep / waiver,Low,,,,
326,Grant Calcaterra,TE,TE51,PHI,Deep / waiver,Low,,,,
327,Cam Akers,RB,RB103,MIN,Deep / waiver,Low,,,,
328,Tim Patrick,WR,WR138,DET,Deep / waiver,Low,,,,
329,Dareke Young,WR,WR139,SEA,Deep / waiver,Low,,,,
330,Blake Watson,RB,RB104,DEN,Deep / waiver,Low,,,,
331,Josh Whyle,TE,TE52,TEN,Deep / waiver,Low,,,,
332,Ty Simpson,QB,QB37,LAR,Deep / waiver,Low,,,,
333,Jalen Cropper,WR,WR140,MIA,Deep / waiver,Low,,,,
334,Jordan James,RB,RB105,SF,Deep / waiver,Low,,,,
335,Nick Westbrook-Ikhine,WR,WR141,MIA,Deep / waiver,Low,,,,
336,Damien Martinez,RB,RB106,SEA,Deep / waiver,Low,,,,
337,Ja'Tavion Sanders,TE,TE53,CAR,Deep / waiver,Low,,,,
338,Trenton Irwin,WR,WR142,CIN,Deep / waiver,Low,,,,
339,Jalen Milroe,QB,QB38,SEA,Deep / waiver,Low,,,,
340,Kyle Juszczyk,RB,RB107,SF,Deep / waiver,Low,,,,
341,Tyquan Thornton,WR,WR143,KC,Deep / waiver,Low,,,,
342,Elijah Higgins,TE,TE54,ARI,Deep / waiver,Low,,,,
343,Isaiah Bond,WR,WR144,CLE,Deep / waiver,Low,,,,
344,Raheem Mostert,RB,RB108,LV,Deep / waiver,Low,,,,
345,Chris Tyree,WR,WR145,BAL,Deep / waiver,Low,,,,
346,LeQuint Allen,RB,RB109,JAX,Deep / waiver,Low,,,,
347,Zack Kuntz,TE,TE55,NYJ,Deep / waiver,Low,,,,
348,Spencer Rattler,QB,QB39,NO,Deep / waiver,Low,,,,
349,Devin Duvernay,WR,WR146,JAX,Deep / waiver,Low,,,,
350,Phil Mafah,RB,RB110,DAL,Deep / waiver,Low,,,,
351,David Moore,WR,WR147,CAR,Deep / waiver,Low,,,,
352,Jared Wiley,TE,TE56,KC,Deep / waiver,Low,,,,
353,Marcus Yarns,RB,RB111,DAL,Deep / waiver,Low,,,,
354,Braylon Allen,WR,WR148,NYG,Deep / waiver,Low,,,,
355,Dillon Gabriel,QB,QB40,CLE,Deep / waiver,Low,,,,
356,Jarveon Howard,RB,RB112,CIN,Deep / waiver,Low,,,,
357,Zay Jones,WR,WR149,ARI,Deep / waiver,Low,,,,
358,Jalin Conyers,TE,TE57,GB,Deep / waiver,Low,,,,
359,Greg Dortch,WR,WR150,ARI,Deep / waiver,Low,,,,
360,Ulysses Bentley IV,RB,RB113,NO,Deep / waiver,Low,,,,
361,Simi Fehoko,WR,WR151,LAC,Deep / waiver,Low,,,,
362,Cade Stover,TE,TE58,HOU,Deep / waiver,Low,,,,
363,Kaytron Allen,RB,RB114,PIT,Deep / waiver,Low,,,,
364,Tanner McKee,QB,QB41,PHI,Deep / waiver,Low,,,,
365,Ja'Lynn Polk,WR,WR152,NE,Deep / waiver,Low,,,,
366,Justice Ellison,RB,RB115,CAR,Deep / waiver,Low,,,,
367,Josh Reynolds,WR,WR153,MIN,Deep / waiver,Low,,,,
368,Will Dissly,TE,TE59,LAC,Deep / waiver,Low,,,,
369,Corey Kiner,RB,RB116,LAR,Deep / waiver,Low,,,,
370,Robert Woods,WR,WR154,PIT,Deep / waiver,Low,,,,
371,Jake Browning,QB,QB42,CIN,Deep / waiver,Low,,,,
372,Malik Heath,WR,WR155,GB,Deep / waiver,Low,,,,
373,Dawson Knox,TE,TE60,BUF,Deep / waiver,Low,,,,
374,Jacardia Wright,RB,RB117,NE,Deep / waiver,Low,,,,
375,Michael Gallup,WR,WR156,ATL,Deep / waiver,Low,,,,
376,Ty Chandler,RB,RB118,MIN,Deep / waiver,Low,,,,
377,Tucker Fisk,TE,TE61,MIN,Deep / waiver,Low,,,,
378,Tyler Johnson,WR,WR157,LAR,Deep / waiver,Low,,,,
379,Dameon Pierce,RB,RB119,HOU,Deep / waiver,Low,,,,
380,Mac Jones,QB,QB43,SF,Deep / waiver,Low,,,,
381,Kendrick Bourne,WR,WR158,NE,Deep / waiver,Low,,,,
382,Nick Chubb,RB,RB120,HOU,Deep / waiver,Low,,,,
383,Johnny Mundt,TE,TE62,MIN,Deep / waiver,Low,,,,
384,Van Jefferson,WR,WR159,TEN,Deep / waiver,Low,,,,
385,Parris Campbell,WR,WR160,PHI,Deep / waiver,Low,,,,
386,Kenny McIntosh,RB,RB121,SEA,Deep / waiver,Low,,,,
387,Aidan O'Connell,QB,QB44,LV,Deep / waiver,Low,,,,
388,Gerald Everett,TE,TE63,CHI,Deep / waiver,Low,,,,
389,Jamari Thrash,WR,WR161,CLE,Deep / waiver,Low,,,,
390,Tyrion Davis-Price,RB,RB122,NE,Deep / waiver,Low,,,,
391,Casey Washington,WR,WR162,ATL,Deep / waiver,Low,,,,
392,Jase McClellan,RB,RB123,ATL,Deep / waiver,Low,,,,
393,Durham Smythe,TE,TE64,CHI,Deep / waiver,Low,,,,
394,Xavier Gipson,WR,WR163,NYJ,Deep / waiver,Low,,,,
395,Jarrett Stidham,QB,QB45,DEN,Deep / waiver,Low,,,,
396,Carson Steele,RB,RB124,KC,Deep / waiver,Low,,,,
397,Tejhaun Palmer,WR,WR164,ARI,Deep / waiver,Low,,,,
398,Stone Smartt,TE,TE65,LAC,Deep / waiver,Low,,,,
399,Bo Melton,WR,WR165,GB,Deep / waiver,Low,,,,
400,Miles Sanders,RB,RB125,DAL,Deep / waiver,Low,,,,
401,Charlie Jones,WR,WR166,CIN,Deep / waiver,Low,,,,
402,Salvon Ahmed,RB,RB126,MIA,Deep / waiver,Low,,,,
403,Cooper Rush,QB,QB46,BAL,Deep / waiver,Low,,,,
404,Brevyn Spann-Ford,TE,TE66,DAL,Deep / waiver,Low,,,,
405,Ricky White III,WR,WR167,LV,Deep / waiver,Low,,,,
406,Dare Ogunbowale,RB,RB127,HOU,Deep / waiver,Low,,,,
407,Isaiah Williams,WR,WR168,DET,Deep / waiver,Low,,,,
408,Luke Schoonmaker,TE,TE67,DAL,Deep / waiver,Low,,,,
409,Terrell Jennings,RB,RB128,JAX,Deep / waiver,Low,,,,
410,Dominic Lovett,WR,WR169,DET,Deep / waiver,Low,,,,
411,Gardner Minshew,QB,QB47,KC,Deep / waiver,Low,,,,
412,Nate Carter,RB,RB129,NYG,Deep / waiver,Low,,,,
413,Jordan Whittington,WR,WR170,LAR,Deep / waiver,Low,,,,
414,Michael Rigerman,TE,TE68,NYG,Deep / waiver,Low,,,,
415,Britain Covey,WR,WR171,LAR,Deep / waiver,Low,,,,
416,Gary Brightwell,RB,RB130,NYG,Deep / waiver,Low,,,,
417,Skyy Moore,WR,WR172,SF,Deep / waiver,Low,,,,
418,Daniel Bellinger,TE,TE69,NYG,Deep / waiver,Low,,,,
419,Isaiah Davis,RB,RB131,NYJ,Deep / waiver,Low,,,,
420,Joe Milton III,QB,QB48,DAL,Deep / waiver,Low,,,,
421,Tommy Mellott,WR,WR173,LV,Deep / waiver,Low,,,,
422,Patrick Taylor Jr.,RB,RB132,NYJ,Deep / waiver,Low,,,,
423,Traeshon Holden,WR,WR174,LV,Deep / waiver,Low,,,,
424,Erick All Jr.,TE,TE70,CIN,Deep / waiver,Low,,,,
425,Jawhar Jordan,RB,RB133,IND,Deep / waiver,Low,,,,
426,Konata Mumpfield,WR,WR175,ATL,Deep / waiver,Low,,,,
427,Elijhah Badger,WR,WR176,PHI,Deep / waiver,Low,,,,
428,George Holani,RB,RB134,SEA,Deep / waiver,Low,,,,
429,Devin Culp,TE,TE71,TB,Deep / waiver,Low,,,,
430,Chris Bell,WR,WR177,GB,Deep / waiver,Low,,,,
431,Hunter Luepke,RB,RB135,DAL,Deep / waiver,Low,,,,
432,Antwane Wells Jr.,WR,WR178,MIA,Deep / waiver,Low,,,,
433,Payne Durham,TE,TE72,TB,Deep / waiver,Low,,,,
434,Dillon Johnson,RB,RB136,SEA,Deep / waiver,Low,,,,
435,Jelani Woods,TE,TE73,NYG,Deep / waiver,Low,,,,
436,Tanner Hudson,TE,TE74,CIN,Deep / waiver,Low,,,,
437,Denver Broncos D/ST,DST,DST1,Denver Broncos,Deep / waiver,Low,,,,
438,Philadelphia Eagles D/ST,DST,DST2,Philadelphia Eagles,Deep / waiver,Low,,,,
439,Baltimore Ravens D/ST,DST,DST3,Baltimore Ravens,Deep / waiver,Low,,,,
440,Houston Texans D/ST,DST,DST4,Houston Texans,Deep / waiver,Low,,,,
441,Detroit Lions D/ST,DST,DST5,Detroit Lions,Deep / waiver,Low,,,,
442,Pittsburgh Steelers D/ST,DST,DST6,Pittsburgh Steelers,Deep / waiver,Low,,,,
443,Minnesota Vikings D/ST,DST,DST7,Minnesota Vikings,Deep / waiver,Low,,,,
444,Buffalo Bills D/ST,DST,DST8,Buffalo Bills,Deep / waiver,Low,,,,
445,Seattle Seahawks D/ST,DST,DST9,Seattle Seahawks,Deep / waiver,Low,,,,
446,Green Bay Packers D/ST,DST,DST10,Green Bay Packers,Deep / waiver,Low,,,,
447,Los Angeles Chargers D/ST,DST,DST11,Los Angeles Chargers,Deep / waiver,Low,,,,
448,Kansas City Chiefs D/ST,DST,DST12,Kansas City Chiefs,Deep / waiver,Low,,,,
449,Arizona Cardinals D/ST,DST,DST13,Arizona Cardinals,Deep / waiver,Low,,,,
450,San Francisco 49ers D/ST,DST,DST14,San Francisco 49ers,Deep / waiver,Low,,,,
451,Los Angeles Rams D/ST,DST,DST15,Los Angeles Rams,Deep / waiver,Low,,,,
452,Washington Commanders D/ST,DST,DST16,Washington Commanders,Deep / waiver,Low,,,,
453,New England Patriots D/ST,DST,DST17,New England Patriots,Deep / waiver,Low,,,,
454,Chicago Bears D/ST,DST,DST18,Chicago Bears,Deep / waiver,Low,,,,
455,Indianapolis Colts D/ST,DST,DST19,Indianapolis Colts,Deep / waiver,Low,,,,
456,Tampa Bay Buccaneers D/ST,DST,DST20,Tampa Bay Buccaneers,Deep / waiver,Low,,,,
457,Atlanta Falcons D/ST,DST,DST21,Atlanta Falcons,Deep / waiver,Low,,,,
458,Cleveland Browns D/ST,DST,DST22,Cleveland Browns,Deep / waiver,Low,,,,
459,Jacksonville Jaguars D/ST,DST,DST23,Jacksonville Jaguars,Deep / waiver,Low,,,,
460,New York Jets D/ST,DST,DST24,New York Jets,Deep / waiver,Low,,,,
461,Dallas Cowboys D/ST,DST,DST25,Dallas Cowboys,Deep / waiver,Low,,,,
462,Carolina Panthers D/ST,DST,DST26,Carolina Panthers,Deep / waiver,Low,,,,
463,Cincinnati Bengals D/ST,DST,DST27,Cincinnati Bengals,Deep / waiver,Low,,,,
464,Las Vegas Raiders D/ST,DST,DST28,Las Vegas Raiders,Deep / waiver,Low,,,,
465,New York Giants D/ST,DST,DST29,New York Giants,Deep / waiver,Low,,,,
466,Tennessee Titans D/ST,DST,DST30,Tennessee Titans,Deep / waiver,Low,,,,
467,New Orleans Saints D/ST,DST,DST31,New Orleans Saints,Deep / waiver,Low,,,,
468,Miami Dolphins D/ST,DST,DST32,Miami Dolphins,Deep / waiver,Low,,,,
469,Brandon Aubrey,K,K1,DAL,Deep / waiver,Low,,,Top-projected kicker at roughly 116 half-PPR points.,
470,Cameron Dicker,K,K2,LAC,Deep / waiver,Low,,,,
471,Ka'imi Fairbairn,K,K3,HOU,Deep / waiver,Low,,,"44-of-48 on field goals in 15 games, tying the single-season record.",
472,Cam Little,K,K4,JAX,Deep / waiver,Low,,,,
473,Jake Bates,K,K5,DET,Deep / waiver,Low,,,,
474,Chris Boswell,K,K6,PIT,Deep / waiver,Low,,,,
475,Tyler Loop,K,K7,BAL,Deep / waiver,Low,,,,
476,Jason Myers,K,K8,SEA,Deep / waiver,Low,,,,
477,Will Reichard,K,K9,MIN,Deep / waiver,Low,,,,
478,Jake Elliott,K,K10,PHI,Deep / waiver,Low,,,,
479,Harrison Butker,K,K11,KC,Deep / waiver,Low,,,,
480,Evan McPherson,K,K12,CIN,Deep / waiver,Low,,,,
481,Chase McLaughlin,K,K13,TB,Deep / waiver,Low,,,,
482,Wil Lutz,K,K14,DEN,Deep / waiver,Low,,,,
483,Tyler Bass,K,K15,BUF,Deep / waiver,Low,,,,
484,Daniel Carlson,K,K16,LV,Deep / waiver,Low,,,,
485,Matt Gay,K,K17,WAS,Deep / waiver,Low,,,,
486,Andres Borregales,K,K18,NE,Deep / waiver,Low,,,,
487,Cairo Santos,K,K19,CHI,Deep / waiver,Low,,,,
488,Brandon McManus,K,K20,GB,Deep / waiver,Low,,,,
489,Chad Ryland,K,K21,ARI,Deep / waiver,Low,,,,
490,Joshua Karty,K,K22,LAR,Deep / waiver,Low,,,,
491,Eddy Pineiro,K,K23,SF,Deep / waiver,Low,,,,
492,Spencer Shrader,K,K24,IND,Deep / waiver,Low,,,,
493,Dustin Hopkins,K,K25,CLE,Deep / waiver,Low,,,,
494,Graham Gano,K,K26,NYG,Deep / waiver,Low,,,,
495,Nick Folk,K,K27,NYJ,Deep / waiver,Low,,,,
496,Parker Romo,K,K28,ATL,Deep / waiver,Low,,,,
497,Blake Grupe,K,K29,NO,Deep / waiver,Low,,,,
498,Ryan Fitzgerald,K,K30,TEN,Deep / waiver,Low,,,,
499,Riley Patterson,K,K31,CAR,Deep / waiver,Low,,,,
500,Jason Sanders,K,K32,MIA,Deep / waiver,Low,,,,
